1;Ração Seca PremieR Pet Golden Special Cães Adultos Frango e Carne;A Ração Seca PremieR Pet Golden Special Cães Adultos Frango;152,91;Golden, Premier;Cachorro;30
21;Casinha Cachorro Grandew;A Ração Seca PremieR Pet Golden Special Cães Adultos Frango;250,91;Magnus;Cachorro;30
22;dsadsdsadsa;sdadssdadsa;250,91;dsads;dsadssad;30
23;dsadsdsadsa;sdadssdadsa;250,91;dsads;dsadssad;30
1;Ração Seca PremieR Pet Golden Special Cães Adultos Frango e Carne;A Ração Seca PremieR Pet Golden Special Cães Adultos Frango;152,91;Golden, Premier;Cachorro;30
21;Casinha Cachorro Grandew;A Ração Seca PremieR Pet Golden Special Cães Adultos Frango;250,91;Magnus;Cachorro;30
22;dsadsdsadsa;sdadssdadsa;250,91;dsads;dsadssad;30
23;dsadsdsadsa;sdadssdadsa;250,91;dsads;dsadssad;30
1;Ração Seca PremieR Pet Golden Special Cães Adultos Frango e Carne;A Ração Seca PremieR Pet Golden Special Cães Adultos Frango;152,91;Golden, Premier;Cachorro;30
21;Casinha Cachorro Grandew;A Ração Seca PremieR Pet Golden Special Cães Adultos Frango;250,91;Magnus;Cachorro;30
22;dsadsdsadsa;sdadssdadsa;250,91;dsads;dsadssad;30
23;dsadsdsadsa;sdadssdadsa;250,91;dsads;dsadssad;30
1;Ração Seca PremieR Pet Golden Special Cães Adultos Frango e Carne;A Ração Seca PremieR Pet Golden Special Cães Adultos Frango;152,91;Golden, Premier;Cachorro;30
21;Casinha Cachorro Grandew;A Ração Seca PremieR Pet Golden Special Cães Adultos Frango;250,91;Magnus;Cachorro;30
22;dsadsdsadsa;sdadssdadsa;250,91;dsads;dsadssad;30
23;dsadsdsadsa;sdadssdadsa;250,91;dsads;dsadssad;30
1;Ração Seca PremieR Pet Golden Special Cães Adultos Frango e Carne;A Ração Seca PremieR Pet Golden Special Cães Adultos Frango;152,91;Golden, Premier;Cachorro;30
21;Casinha Cachorro Grandew;A Ração Seca PremieR Pet Golden Special Cães Adultos Frango;250,91;Magnus;Cachorro;30
22;dsadsdsadsa;sdadssdadsa;250,91;dsads;dsadssad;30
23;dsadsdsadsa;sdadssdadsa;250,91;dsads;dsadssad;30
1;Ração Seca PremieR Pet Golden Special Cães Adultos Frango e Carne;A Ração Seca PremieR Pet Golden Special Cães Adultos Frango;152,91;Golden, Premier;Cachorro;30
21;Casinha Cachorro Grandew;A Ração Seca PremieR Pet Golden Special Cães Adultos Frango;250,91;Magnus;Cachorro;30
22;dsadsdsadsa;sdadssdadsa;250,91;dsads;dsadssad;30
23;dsadsdsadsa;sdadssdadsa;250,91;dsads;dsadssad;30
